rowid,pl_hostname,pl_letter,pl_discmethod,pl_pnum,pl_orbper,pl_orbperlim,pl_orbsmax,pl_orbsmaxlim,pl_orbeccen,pl_orbeccenlim,pl_orbincl,pl_orbincllim,pl_bmassj,pl_bmassjlim,pl_bmassprov,pl_radj,pl_radjlim,pl_dens,pl_denslim,pl_ttvflag,pl_kepflag,pl_k2flag,pl_nnotes,ra_str,ra,dec_str,dec,st_dist,st_distlim,st_optmag,st_optmagerr,st_optmaglim,st_optmagblend,st_optband,st_teff,st_tefflim,st_teffblend,st_mass,st_masslim,st_massblend,st_rad,st_radlim,st_radblend,TEFF_COLOR,PL_TYPE,PA
1,746,a,Direct Imaging,3,12013.8,0,14.0184,0,0,0,46.7778,0,0.00443183,0,Mass,0.0999983,0,--,--,0,0,0,0,00h09m10.69s,2.29452,+59d08m59.2s,59.1498,16.6973,0,2.28,0,0,0,V (Johnson),6820,0,0,2.54633,0,0,3.90556,0,0,--,Cold_Earth,72.2639
2,746,b,Direct Imaging,3,1145.01,0,2.92495,0,0,0,44.6142,0,0.0131784,0,Mass,0.157105,0,--,--,0,0,0,0,00h09m10.69s,2.29452,+59d08m59.2s,59.1498,16.6973,0,2.28,0,0,0,V (Johnson),6820,0,0,2.54633,0,0,3.90556,0,0,--,Hot_Neptune,72.2639
3,746,c,Direct Imaging,3,3881.4,0,6.6004,0,0,0,45.0273,0,1.00076,0,Mass,1.03272,0,--,--,0,0,0,0,00h09m10.69s,2.29452,+59d08m59.2s,59.1498,16.6973,0,2.28,0,0,0,V (Johnson),6820,0,0,2.54633,0,0,3.90556,0,0,--,Warm_Jupiter,72.2639
4,1599,--,--,--,--,--,--,--,--,--,--,--,--,--,--,--,--,--,--,--,--,--,--,00h20m04.26s,5.01775,-64d52m29.2s,-64.8748,8.59254,0,4.23,0,0,0,V (Johnson),5979.2,0,0,1.06368,0,0,1.03862,0,0,--,--,--
5,2021,a,Direct Imaging,3,26.0563,0,0.193884,0,0,0,159.166,0,0.00791125,0,Mass,0.121305,0,--,--,0,0,0,0,00h25m45.07s,6.4378,-77d15m15.3s,-77.2542,7.47496,0,2.82,0,0,0,V (Johnson),5826.2,0,0,1.43213,0,0,1.81732,0,0,--,Hot_Earth,84.9264
6,2021,b,Direct Imaging,3,15.7712,0,0.138732,0,0,0,159.753,0,0.00812621,0,Mass,0.122394,0,--,--,0,0,0,0,00h25m45.07s,6.4378,-77d15m15.3s,-77.2542,7.47496,0,2.82,0,0,0,V (Johnson),5826.2,0,0,1.43213,0,0,1.81732,0,0,--,Hot_Earth,84.9264
7,2021,c,Direct Imaging,3,24.3485,0,0.185317,0,0,0,157.624,0,0.0203407,0,Mass,0.201329,0,--,--,0,0,0,0,00h25m45.07s,6.4378,-77d15m15.3s,-77.2542,7.47496,0,2.82,0,0,0,V (Johnson),5826.2,0,0,1.43213,0,0,1.81732,0,0,--,Hot_Neptune,84.9264
8,3821,a,Direct Imaging,6,13.2539,0,0.111676,0,0,0,-32.7347,0,0.000646443,0,Mass,0.0526391,0,--,--,0,0,0,0,00h49m06.29s,12.2762,+57d48m54.7s,57.8152,5.95273,0,3.46,0,0,0,V (Johnson),5938.1,0,0,1.05774,0,0,1.03912,0,0,--,Hot_Earth,258.095
9,3821,b,Direct Imaging,6,469.725,0,1.20493,0,0,0,-32.8399,0,0.00101494,0,Mass,0.0611802,0,--,--,0,0,0,0,00h49m06.29s,12.2762,+57d48m54.7s,57.8152,5.95273,0,3.46,0,0,0,V (Johnson),5938.1,0,0,1.05774,0,0,1.03912,0,0,--,Warm_Earth,258.095
10,3821,c,Direct Imaging,6,7431.62,0,7.59372,0,0,0,-34.8676,0,0.00219389,0,Mass,0.0791049,0,--,--,0,0,0,0,00h49m06.29s,12.2762,+57d48m54.7s,57.8152,5.95273,0,3.46,0,0,0,V (Johnson),5938.1,0,0,1.05774,0,0,1.03912,0,0,--,Cold_Earth,258.095
11,3821,d,Direct Imaging,6,54.7085,0,0.287366,0,0,0,-35.4534,0,0.0137419,0,Mass,0.160909,0,--,--,0,0,0,0,00h49m06.29s,12.2762,+57d48m54.7s,57.8152,5.95273,0,3.46,0,0,0,V (Johnson),5938.1,0,0,1.05774,0,0,1.03912,0,0,--,Hot_Neptune,258.095
12,3821,e,Direct Imaging,6,50.2586,0,0.271564,0,0,0,-36.3077,0,0.0184079,0,Mass,0.190164,0,--,--,0,0,0,0,00h49m06.29s,12.2762,+57d48m54.7s,57.8152,5.95273,0,3.46,0,0,0,V (Johnson),5938.1,0,0,1.05774,0,0,1.03912,0,0,--,Hot_Neptune,258.095
13,3821,f,Direct Imaging,6,755.25,0,1.65371,0,0,0,-35.6655,0,0.0119111,0,Mass,0.148285,0,--,--,0,0,0,0,00h49m06.29s,12.2762,+57d48m54.7s,57.8152,5.95273,0,3.46,0,0,0,V (Johnson),5938.1,0,0,1.05774,0,0,1.03912,0,0,--,Warm_Neptune,258.095
14,7513,a,Direct Imaging,1,413.785,0,1.22027,0,0,0,-84.7766,0,0.0272999,0,Mass,0.238195,0,--,--,0,0,0,0,01h36m47.84s,24.1993,+41d24m19.7s,41.4055,13.468,0,4.1,0,0,0,V (Johnson),6133.4,0,0,1.4158,0,0,1.64901,0,0,--,Hot_Neptune,271.377
15,7751,a,Direct Imaging,1,2416.02,0,3.17957,0,0,0,73.7337,0,0.0606548,0,Mass,0.364542,0,--,--,0,0,0,0,01h39m47.54s,24.9481,-56d11m47.0s,-56.1964,8.14664,0,5.76,0,0,0,V (Johnson),5090,0,0,0.734656,0,0,0.716486,0,0,--,Cold_Jupiter,333.188
16,7981,a,Direct Imaging,3,57.2307,0,0.268893,0,0,0,-103.996,0,0.00548653,0,Mass,0.107374,0,--,--,0,0,0,0,01h42m29.76s,25.624,+20d16m06.6s,20.2685,7.4677,0,5.24,0,0,0,V (Johnson),5192.6,0,0,0.791881,0,0,0.784263,0,0,--,Hot_Earth,76.3561
17,7981,b,Direct Imaging,3,6.42016,0,0.0625447,0,0,0,-105.882,0,0.0398918,0,Mass,0.295842,0,--,--,0,0,0,0,01h42m29.76s,25.624,+20d16m06.6s,20.2685,7.4677,0,5.24,0,0,0,V (Johnson),5192.6,0,0,0.791881,0,0,0.784263,0,0,--,Hot_Neptune,76.3561
18,7981,c,Direct Imaging,3,253.611,0,0.725446,0,0,0,-105.779,0,0.392958,0,Mass,0.60012,0,--,--,0,0,0,0,01h42m29.76s,25.624,+20d16m06.6s,20.2685,7.4677,0,5.24,0,0,0,V (Johnson),5192.6,0,0,0.791881,0,0,0.784263,0,0,--,Warm_Jupiter,76.3561
19,8102,a,Direct Imaging,2,22.5268,0,0.145654,0,0,0,-107.193,0,0.00244139,0,Mass,0.0819743,0,--,--,0,0,0,0,01h44m04.08s,26.017,-15d56m14.9s,-15.9375,3.64737,0,3.49,0,0,0,V (Johnson),5478.7,0,0,0.812354,0,0,0.74333,0,0,--,Hot_Earth,231.035
20,8102,b,Direct Imaging,2,437.097,0,1.05174,0,0,0,-107.165,0,0.015737,0,Mass,0.17387,0,--,--,0,0,0,0,01h44m04.08s,26.017,-15d56m14.9s,-15.9375,3.64737,0,3.49,0,0,0,V (Johnson),5478.7,0,0,0.812354,0,0,0.74333,0,0,--,Warm_Neptune,231.035
21,10644,a,Direct Imaging,4,127.95,0,0.503381,0,0,0,112.997,0,0.00600076,0,Mass,0.110628,0,--,--,0,0,0,0,02h17m03.23s,34.2635,+34d13m27.2s,34.2242,10.846,0,4.84,0,0,0,V (Johnson),5865.8,0,0,1.03942,0,0,1.02671,0,0,--,Hot_Earth,86.408
22,10644,b,Direct Imaging,4,16.8298,0,0.130193,0,0,0,111.855,0,0.00616794,0,Mass,0.111646,0,--,--,0,0,0,0,02h17m03.23s,34.2635,+34d13m27.2s,34.2242,10.846,0,4.84,0,0,0,V (Johnson),5865.8,0,0,1.03942,0,0,1.02671,0,0,--,Hot_Earth,86.408
23,10644,c,Direct Imaging,4,1333.62,0,2.40191,0,0,0,113.343,0,0.00418433,0,Mass,0.098101,0,--,--,0,0,0,0,02h17m03.23s,34.2635,+34d13m27.2s,34.2242,10.846,0,4.84,0,0,0,V (Johnson),5865.8,0,0,1.03942,0,0,1.02671,0,0,--,Cold_Earth,86.408
24,10644,d,Direct Imaging,4,2408.12,0,3.56168,0,0,0,115.674,0,0.0309708,0,Mass,0.256001,0,--,--,0,0,0,0,02h17m03.23s,34.2635,+34d13m27.2s,34.2242,10.846,0,4.84,0,0,0,V (Johnson),5865.8,0,0,1.03942,0,0,1.02671,0,0,--,Cold_Neptune,86.408
25,12114,a,Direct Imaging,6,13.4484,0,0.0976757,0,0,0,21.6823,0,0.00150763,0,Mass,0.0698067,0,--,--,0,0,0,0,02h36m04.89s,39.0204,+06d53m12.7s,6.88687,7.20877,0,5.79,0,0,0,V (Johnson),5008.2,0,0,0.687382,0,0,0.661309,0,0,--,Hot_Earth,33.8774
26,12114,b,Direct Imaging,6,6.03721,0,0.057266,0,0,0,21.1497,0,0.00376377,0,Mass,0.0946977,0,--,--,0,0,0,0,02h36m04.89s,39.0204,+06d53m12.7s,6.88687,7.20877,0,5.79,0,0,0,V (Johnson),5008.2,0,0,0.687382,0,0,0.661309,0,0,--,Hot_Earth,33.8774
27,12114,c,Direct Imaging,6,178.483,0,0.547525,0,0,0,17.6708,0,0.00052412,0,Mass,0.0490842,0,--,--,0,0,0,0,02h36m04.89s,39.0204,+06d53m12.7s,6.88687,7.20877,0,5.79,0,0,0,V (Johnson),5008.2,0,0,0.687382,0,0,0.661309,0,0,--,Warm_Earth,33.8774
28,12114,d,Direct Imaging,6,57.073,0,0.256031,0,0,0,18.8385,0,0.0210323,0,Mass,0.205212,0,--,--,0,0,0,0,02h36m04.89s,39.0204,+06d53m12.7s,6.88687,7.20877,0,5.79,0,0,0,V (Johnson),5008.2,0,0,0.687382,0,0,0.661309,0,0,--,Hot_Neptune,33.8774
29,12114,e,Direct Imaging,6,9.89713,0,0.0796181,0,0,0,17.6617,0,0.25815,0,Mass,0.527911,0,--,--,0,0,0,0,02h36m04.89s,39.0204,+06d53m12.7s,6.88687,7.20877,0,5.79,0,0,0,V (Johnson),5008.2,0,0,0.687382,0,0,0.661309,0,0,--,Hot_Jupiter,33.8774
30,12114,f,Direct Imaging,6,16.4603,0,0.111763,0,0,0,18.3174,0,0.440929,0,Mass,0.623677,0,--,--,0,0,0,0,02h36m04.89s,39.0204,+06d53m12.7s,6.88687,7.20877,0,5.79,0,0,0,V (Johnson),5008.2,0,0,0.687382,0,0,0.661309,0,0,--,Hot_Jupiter,33.8774
31,12777,a,Direct Imaging,5,42.3902,0,0.257869,0,0,0,110.681,0,0.00305425,0,Mass,0.0883282,0,--,--,0,0,0,0,02h44m11.99s,41.0499,+49d13m42.4s,49.2284,11.2322,0,4.1,0,0,0,V (Johnson),6223.2,0,0,1.27305,0,0,1.34,0,0,--,Hot_Earth,116.517
32,12777,b,Direct Imaging,5,700.989,0,1.67377,0,0,0,109.085,0,0.000667062,0,Mass,0.0531929,0,--,--,0,0,0,0,02h44m11.99s,41.0499,+49d13m42.4s,49.2284,11.2322,0,4.1,0,0,0,V (Johnson),6223.2,0,0,1.27305,0,0,1.34,0,0,--,Warm_Earth,116.517
33,12777,c,Direct Imaging,5,470.604,0,1.28329,0,0,0,109.53,0,0.00230873,0,Mass,0.0804617,0,--,--,0,0,0,0,02h44m11.99s,41.0499,+49d13m42.4s,49.2284,11.2322,0,4.1,0,0,0,V (Johnson),6223.2,0,0,1.27305,0,0,1.34,0,0,--,Warm_Earth,116.517
34,12777,d,Direct Imaging,5,507.175,0,1.34894,0,0,0,107.945,0,0.0146179,0,Mass,0.166693,0,--,--,0,0,0,0,02h44m11.99s,41.0499,+49d13m42.4s,49.2284,11.2322,0,4.1,0,0,0,V (Johnson),6223.2,0,0,1.27305,0,0,1.34,0,0,--,Warm_Neptune,116.517
35,12777,e,Direct Imaging,5,1493.22,0,2.77101,0,0,0,107.825,0,0.0185265,0,Mass,0.190863,0,--,--,0,0,0,0,02h44m11.99s,41.0499,+49d13m42.4s,49.2284,11.2322,0,4.1,0,0,0,V (Johnson),6223.2,0,0,1.27305,0,0,1.34,0,0,--,Cold_Neptune,116.517
36,12843,a,Direct Imaging,3,139.465,0,0.574995,0,0,0,110.685,0,0.00174661,0,Mass,0.0733156,0,--,--,0,0,0,0,02h45m06.19s,41.2758,-18d34m21.2s,-18.5726,13.9743,0,4.47,0,0,0,V (Johnson),6361.8,0,0,1.30389,0,0,1.35177,0,0,--,Hot_Earth,260.593
37,12843,b,Direct Imaging,3,34.3763,0,0.226044,0,0,0,107.049,0,0.00137998,0,Mass,0.0677781,0,--,--,0,0,0,0,02h45m06.19s,41.2758,-18d34m21.2s,-18.5726,13.9743,0,4.47,0,0,0,V (Johnson),6361.8,0,0,1.30389,0,0,1.35177,0,0,--,Hot_Earth,260.593
38,12843,c,Direct Imaging,3,72.302,0,0.371068,0,0,0,110.99,0,0.0261707,0,Mass,0.232514,0,--,--,0,0,0,0,02h45m06.19s,41.2758,-18d34m21.2s,-18.5726,13.9743,0,4.47,0,0,0,V (Johnson),6361.8,0,0,1.30389,0,0,1.35177,0,0,--,Hot_Neptune,260.593
39,14632,a,Direct Imaging,4,276.968,0,0.897263,0,0,0,90.4979,0,0.00724984,0,Mass,0.117826,0,--,--,0,0,0,0,03h09m04.02s,47.2668,+49d36m47.8s,49.6133,10.5341,0,4.05,0,0,0,V (Johnson),5909,0,0,1.25626,0,0,1.4146,0,0,--,Hot_Earth,295.782
40,14632,b,Direct Imaging,4,12.1066,0,0.111339,0,0,0,91.5208,0,0.00395532,0,Mass,0.0962776,0,--,--,0,0,0,0,03h09m04.02s,47.2668,+49d36m47.8s,49.6133,10.5341,0,4.05,0,0,0,V (Johnson),5909,0,0,1.25626,0,0,1.4146,0,0,--,Hot_Earth,295.782
41,14632,c,Direct Imaging,4,14.982,0,0.128336,0,0,0,92.0394,0,0.0191568,0,Mass,0.194547,0,--,--,0,0,0,0,03h09m04.02s,47.2668,+49d36m47.8s,49.6133,10.5341,0,4.05,0,0,0,V (Johnson),5909,0,0,1.25626,0,0,1.4146,0,0,--,Hot_Neptune,295.782
42,14632,d,Direct Imaging,4,14.0512,0,0.122964,0,0,0,89.8357,0,0.00974216,0,Mass,0.132195,0,--,--,0,0,0,0,03h09m04.02s,47.2668,+49d36m47.8s,49.6133,10.5341,0,4.05,0,0,0,V (Johnson),5909,0,0,1.25626,0,0,1.4146,0,0,--,Hot_Neptune,295.782
43,15457,a,Direct Imaging,5,38.0984,0,0.218229,0,0,0,-132.582,0,0.000551642,0,Mass,0.0499287,0,--,--,0,0,0,0,03h19m21.70s,49.8404,+03d22m12.7s,3.3702,9.15919,0,4.84,0,0,0,V (Johnson),5616.9,0,0,0.955221,0,0,0.947181,0,0,--,Hot_Earth,88.6191
44,15457,b,Direct Imaging,5,10.3308,0,0.0914248,0,0,0,-133.531,0,0.00577435,0,Mass,0.109219,0,--,--,0,0,0,0,03h19m21.70s,49.8404,+03d22m12.7s,3.3702,9.15919,0,4.84,0,0,0,V (Johnson),5616.9,0,0,0.955221,0,0,0.947181,0,0,--,Hot_Earth,88.6191
45,15457,c,Direct Imaging,5,566.287,0,1.31927,0,0,0,-131.598,0,0.00339142,0,Mass,0.0914658,0,--,--,0,0,0,0,03h19m21.70s,49.8404,+03d22m12.7s,3.3702,9.15919,0,4.84,0,0,0,V (Johnson),5616.9,0,0,0.955221,0,0,0.947181,0,0,--,Warm_Earth,88.6191
46,15457,d,Direct Imaging,5,662.168,0,1.46427,0,0,0,-131.983,0,0.000636149,0,Mass,0.0523582,0,--,--,0,0,0,0,03h19m21.70s,49.8404,+03d22m12.7s,3.3702,9.15919,0,4.84,0,0,0,V (Johnson),5616.9,0,0,0.955221,0,0,0.947181,0,0,--,Warm_Earth,88.6191
47,15457,e,Direct Imaging,5,56.5217,0,0.283869,0,0,0,-133.423,0,0.0491107,0,Mass,0.333161,0,--,--,0,0,0,0,03h19m21.70s,49.8404,+03d22m12.7s,3.3702,9.15919,0,4.84,0,0,0,V (Johnson),5616.9,0,0,0.955221,0,0,0.947181,0,0,--,Hot_Neptune,88.6191
48,15510,a,Direct Imaging,3,7.53731,0,0.072199,0,0,0,-35.2349,0,0.000523555,0,Mass,0.0490666,0,--,--,0,0,0,0,03h19m55.65s,49.9819,-43d04m11.2s,-43.0698,6.05987,0,4.26,0,0,0,V (Johnson),5525.1,0,0,0.883773,0,0,0.849209,0,0,--,Hot_Earth,269.845
49,15510,b,Direct Imaging,3,660.036,0,1.42374,0,0,0,-34.4154,0,0.000576473,0,Mass,0.0506669,0,--,--,0,0,0,0,03h19m55.65s,49.9819,-43d04m11.2s,-43.0698,6.05987,0,4.26,0,0,0,V (Johnson),5525.1,0,0,0.883773,0,0,0.849209,0,0,--,Cold_Earth,269.845
50,15510,c,Direct Imaging,3,522.631,0,1.21857,0,0,0,-34.0893,0,0.00989788,0,Mass,0.133398,0,--,--,0,0,0,0,03h19m55.65s,49.9819,-43d04m11.2s,-43.0698,6.05987,0,4.26,0,0,0,V (Johnson),5525.1,0,0,0.883773,0,0,0.849209,0,0,--,Warm_Neptune,269.845
51,16852,a,Direct Imaging,4,89.7526,0,0.435489,0,0,0,99.5577,0,0.00622364,0,Mass,0.111982,0,--,--,0,0,0,0,03h36m52.38s,54.2183,+00d24m06.0s,0.401662,13.7193,0,4.29,0,0,0,V (Johnson),5983,0,0,1.36779,0,0,1.61123,0,0,--,Hot_Earth,37.8093
52,16852,b,Direct Imaging,4,2922.66,0,4.44083,0,0,0,98.4332,0,0.00101875,0,Mass,0.0612568,0,--,--,0,0,0,0,03h36m52.38s,54.2183,+00d24m06.0s,0.401662,13.7193,0,4.29,0,0,0,V (Johnson),5983,0,0,1.36779,0,0,1.61123,0,0,--,Cold_Earth,37.8093
53,16852,c,Direct Imaging,4,183.529,0,0.701587,0,0,0,96.2869,0,0.0306728,0,Mass,0.25459,0,--,--,0,0,0,0,03h36m52.38s,54.2183,+00d24m06.0s,0.401662,13.7193,0,4.29,0,0,0,V (Johnson),5983,0,0,1.36779,0,0,1.61123,0,0,--,Hot_Neptune,37.8093
54,16852,d,Direct Imaging,4,90.261,0,0.437132,0,0,0,100.308,0,0.0191139,0,Mass,0.194298,0,--,--,0,0,0,0,03h36m52.38s,54.2183,+00d24m06.0s,0.401662,13.7193,0,4.29,0,0,0,V (Johnson),5983,0,0,1.36779,0,0,1.61123,0,0,--,Hot_Neptune,37.8093
55,17378,a,Direct Imaging,3,854.625,0,1.98132,0,0,0,-155.124,0,0.00166482,0,Mass,0.0721529,0,--,--,0,0,0,0,03h43m14.90s,55.8121,-09d45m48.2s,-9.7634,9.04323,0,3.52,0,0,0,V (Johnson),5014.5,0,0,1.42067,0,0,2.34915,0,0,--,Warm_Earth,35.6792
56,17378,b,Direct Imaging,3,1828.01,0,3.28919,0,0,0,-154.71,0,0.00122909,0,Mass,0.0652119,0,--,--,0,0,0,0,03h43m14.90s,55.8121,-09d45m48.2s,-9.7634,9.04323,0,3.52,0,0,0,V (Johnson),5014.5,0,0,1.42067,0,0,2.34915,0,0,--,Cold_Earth,35.6792
57,17378,c,Direct Imaging,3,93.0753,0,0.451849,0,0,0,-157.841,0,0.887087,0,Mass,0.859375,0,--,--,0,0,0,0,03h43m14.90s,55.8121,-09d45m48.2s,-9.7634,9.04323,0,3.52,0,0,0,V (Johnson),5014.5,0,0,1.42067,0,0,2.34915,0,0,--,Hot_Jupiter,35.6792
58,17651,a,Direct Imaging,3,33.9348,0,0.239842,0,0,0,73.1266,0,0.000422051,0,Mass,0.0456653,0,--,--,0,0,0,0,03h46m50.89s,56.712,-23d14m59.0s,-23.2497,17.9244,0,4.22,0,0,0,V (Johnson),6568.6,0,0,1.59832,0,0,1.83732,0,0,--,Hot_Earth,239.322
59,17651,b,Direct Imaging,3,1148.36,0,2.50927,0,0,0,72.6973,0,0.00538646,0,Mass,0.106717,0,--,--,0,0,0,0,03h46m50.89s,56.712,-23d14m59.0s,-23.2497,17.9244,0,4.22,0,0,0,V (Johnson),6568.6,0,0,1.59832,0,0,1.83732,0,0,--,Warm_Earth,239.322
60,17651,c,Direct Imaging,3,21294.4,0,17.5794,0,0,0,74.3201,0,0.0308424,0,Mass,0.255394,0,--,--,0,0,0,0,03h46m50.89s,56.712,-23d14m59.0s,-23.2497,17.9244,0,4.22,0,0,0,V (Johnson),6568.6,0,0,1.59832,0,0,1.83732,0,0,--,Cold_Neptune,239.322
61,19849,a,Direct Imaging,7,25.2194,0,0.154925,0,0,0,12.4979,0,0.00847403,0,Mass,0.124116,0,--,--,0,0,0,0,04h15m16.32s,63.818,-07d39m10.3s,-7.65287,5.04439,0,4.43,0,0,0,V (Johnson),5231,0,0,0.779959,0,0,0.752623,0,0,--,Hot_Earth,120.292
62,19849,b,Direct Imaging,7,25.7544,0,0.157108,0,0,0,14.7445,0,0.00104852,0,Mass,0.0618478,0,--,--,0,0,0,0,04h15m16.32s,63.818,-07d39m10.3s,-7.65287,5.04439,0,4.43,0,0,0,V (Johnson),5231,0,0,0.779959,0,0,0.752623,0,0,--,Hot_Earth,120.292
63,19849,c,Direct Imaging,7,173.27,0,0.559904,0,0,0,12.8133,0,0.00516963,0,Mass,0.105265,0,--,--,0,0,0,0,04h15m16.32s,63.818,-07d39m10.3s,-7.65287,5.04439,0,4.43,0,0,0,V (Johnson),5231,0,0,0.779959,0,0,0.752623,0,0,--,Warm_Earth,120.292
64,19849,d,Direct Imaging,7,128.307,0,0.458281,0,0,0,14.6292,0,0.0260855,0,Mass,0.232081,0,--,--,0,0,0,0,04h15m16.32s,63.818,-07d39m10.3s,-7.65287,5.04439,0,4.43,0,0,0,V (Johnson),5231,0,0,0.779959,0,0,0.752623,0,0,--,Hot_Neptune,120.292
65,19849,e,Direct Imaging,7,161.546,0,0.534352,0,0,0,13.5808,0,0.00940124,0,Mass,0.129531,0,--,--,0,0,0,0,04h15m16.32s,63.818,-07d39m10.3s,-7.65287,5.04439,0,4.43,0,0,0,V (Johnson),5231,0,0,0.779959,0,0,0.752623,0,0,--,Warm_Neptune,120.292
66,19849,f,Direct Imaging,7,165.264,0,0.542519,0,0,0,12.4003,0,0.0144008,0,Mass,0.165274,0,--,--,0,0,0,0,04h15m16.32s,63.818,-07d39m10.3s,-7.65287,5.04439,0,4.43,0,0,0,V (Johnson),5231,0,0,0.779959,0,0,0.752623,0,0,--,Warm_Neptune,120.292
67,19849,g,Direct Imaging,7,384.41,0,0.952416,0,0,0,12.4088,0,0.0437602,0,Mass,0.311909,0,--,--,0,0,0,0,04h15m16.32s,63.818,-07d39m10.3s,-7.65287,5.04439,0,4.43,0,0,0,V (Johnson),5231,0,0,0.779959,0,0,0.752623,0,0,--,Warm_Neptune,120.292
68,23693,a,Direct Imaging,5,147.171,0,0.564622,0,0,0,106.535,0,0.000962181,0,Mass,0.0601013,0,--,--,0,0,0,0,05h05m30.66s,76.3777,-57d28m21.7s,-57.4727,11.6509,0,4.71,0,0,0,V (Johnson),6174,0,0,1.10869,0,0,1.06453,0,0,--,Hot_Earth,102.3
69,23693,b,Direct Imaging,5,84.849,0,0.391117,0,0,0,104.567,0,0.000825643,0,Mass,0.0571122,0,--,--,0,0,0,0,05h05m30.66s,76.3777,-57d28m21.7s,-57.4727,11.6509,0,4.71,0,0,0,V (Johnson),6174,0,0,1.10869,0,0,1.06453,0,0,--,Hot_Earth,102.3
70,23693,c,Direct Imaging,5,26.792,0,0.181362,0,0,0,106.843,0,0.000854293,0,Mass,0.0577653,0,--,--,0,0,0,0,05h05m30.66s,76.3777,-57d28m21.7s,-57.4727,11.6509,0,4.71,0,0,0,V (Johnson),6174,0,0,1.10869,0,0,1.06453,0,0,--,Hot_Earth,102.3
71,23693,d,Direct Imaging,5,1612.15,0,2.78493,0,0,0,107.727,0,0.0383254,0,Mass,0.289147,0,--,--,0,0,0,0,05h05m30.66s,76.3777,-57d28m21.7s,-57.4727,11.6509,0,4.71,0,0,0,V (Johnson),6174,0,0,1.10869,0,0,1.06453,0,0,--,Cold_Neptune,102.3
72,23693,e,Direct Imaging,5,1088.44,0,2.14328,0,0,0,108.624,0,0.32313,0,Mass,0.564198,0,--,--,0,0,0,0,05h05m30.66s,76.3777,-57d28m21.7s,-57.4727,11.6509,0,4.71,0,0,0,V (Johnson),6174,0,0,1.10869,0,0,1.06453,0,0,--,Cold_Jupiter,102.3
73,24813,a,Direct Imaging,3,261.974,0,0.847801,0,0,0,-22.8854,0,0.0011449,0,Mass,0.0636876,0,--,--,0,0,0,0,05h19m08.47s,79.7853,+40d05m56.6s,40.0991,12.6454,0,4.69,0,0,0,V (Johnson),5784,0,0,1.18453,0,0,1.31805,0,0,--,Hot_Earth,299.227
74,24813,b,Direct Imaging,3,40.9642,0,0.24607,0,0,0,-23.1177,0,0.00469202,0,Mass,0.101918,0,--,--,0,0,0,0,05h19m08.47s,79.7853,+40d05m56.6s,40.0991,12.6454,0,4.69,0,0,0,V (Johnson),5784,0,0,1.18453,0,0,1.31805,0,0,--,Hot_Earth,299.227
75,24813,c,Direct Imaging,3,16.6214,0,0.134865,0,0,0,-21.0241,0,0.000463746,0,Mass,0.0471221,0,--,--,0,0,0,0,05h19m08.47s,79.7853,+40d05m56.6s,40.0991,12.6454,0,4.69,0,0,0,V (Johnson),5784,0,0,1.18453,0,0,1.31805,0,0,--,Hot_Earth,299.227
76,27072,a,Direct Imaging,2,17.8976,0,0.145232,0,0,0,-84.2522,0,0.000984552,0,Mass,0.0605635,0,--,--,0,0,0,0,05h44m27.79s,86.1158,-22d26m54.2s,-22.4484,8.96941,0,3.59,0,0,0,V (Johnson),6361.8,0,0,1.27578,0,0,1.30118,0,0,--,Hot_Earth,308.798
77,27072,b,Direct Imaging,2,591.906,0,1.49635,0,0,0,-82.7794,0,0.000908335,0,Mass,0.0589586,0,--,--,0,0,0,0,05h44m27.79s,86.1158,-22d26m54.2s,-22.4484,8.96941,0,3.59,0,0,0,V (Johnson),6361.8,0,0,1.27578,0,0,1.30118,0,0,--,Warm_Earth,308.798
78,28103,a,Direct Imaging,1,4182.85,0,5.99418,0,0,0,57.1476,0,0.00382382,0,Mass,0.0951986,0,--,--,0,0,0,0,05h56m24.29s,89.1012,-14d10m03.7s,-14.1677,15.0444,0,3.71,0,0,0,V (Johnson),7028.7,0,0,1.64219,0,0,1.7199,0,0,--,Cold_Earth,44.5786
79,37279,a,Direct Imaging,4,95.5384,0,0.4897,0,0,0,178.424,0,0.00623125,0,Mass,0.112027,0,--,--,0,0,0,0,07h39m18.12s,114.825,+05d13m30.0s,5.22499,3.49736,0,0.4,0,0,0,V (Johnson),6577.8,0,0,1.71639,0,0,2.07685,0,0,--,Hot_Earth,178.891
80,37279,b,Direct Imaging,4,67.8394,0,0.389762,0,0,0,178.335,0,0.0264724,0,Mass,0.234042,0,--,--,0,0,0,0,07h39m18.12s,114.825,+05d13m30.0s,5.22499,3.49736,0,0.4,0,0,0,V (Johnson),6577.8,0,0,1.71639,0,0,2.07685,0,0,--,Hot_Neptune,178.891
81,37279,c,Direct Imaging,4,1268.63,0,2.74601,0,0,0,177.405,0,0.0151742,0,Mass,0.170289,0,--,--,0,0,0,0,07h39m18.12s,114.825,+05d13m30.0s,5.22499,3.49736,0,0.4,0,0,0,V (Johnson),6577.8,0,0,1.71639,0,0,2.07685,0,0,--,Warm_Neptune,178.891
82,37279,d,Direct Imaging,4,22511.5,0,18.6816,0,0,0,176.447,0,0.0467779,0,Mass,0.324024,0,--,--,0,0,0,0,07h39m18.12s,114.825,+05d13m30.0s,5.22499,3.49736,0,0.4,0,0,0,V (Johnson),6577.8,0,0,1.71639,0,0,2.07685,0,0,--,Cold_Neptune,178.891
83,37826,a,Direct Imaging,4,75.9955,0,0.502139,0,0,0,121.532,0,0.00719821,0,Mass,0.117546,0,--,--,0,0,0,0,07h45m18.95s,116.329,+28d01m34.3s,28.0262,10.337,0,1.16,0,0,0,V (Johnson),4860.1,0,0,2.92467,0,0,8.96611,0,0,--,Hot_Earth,139.03
84,37826,b,Direct Imaging,4,5887.48,0,9.12541,0,0,0,123.938,0,0.000818519,0,Mass,0.0569475,0,--,--,0,0,0,0,07h45m18.95s,116.329,+28d01m34.3s,28.0262,10.337,0,1.16,0,0,0,V (Johnson),4860.1,0,0,2.92467,0,0,8.96611,0,0,--,Warm_Earth,139.03
85,37826,c,Direct Imaging,4,2712.07,0,5.44294,0,0,0,122.608,0,0.0233969,0,Mass,0.218094,0,--,--,0,0,0,0,07h45m18.95s,116.329,+28d01m34.3s,28.0262,10.337,0,1.16,0,0,0,V (Johnson),4860.1,0,0,2.92467,0,0,8.96611,0,0,--,Warm_Neptune,139.03
86,37826,d,Direct Imaging,4,53408.5,0,39.6923,0,0,0,123.309,0,0.0240041,0,Mass,0.221311,0,--,--,0,0,0,0,07h45m18.95s,116.329,+28d01m34.3s,28.0262,10.337,0,1.16,0,0,0,V (Johnson),4860.1,0,0,2.92467,0,0,8.96611,0,0,--,Cold_Neptune,139.03
87,49908,a,Direct Imaging,4,371.953,0,0.818666,0,0,0,-132.536,0,0.0006036,0,Mass,0.0514495,0,--,--,0,0,0,0,10h11m22.14s,152.842,+49d27m15.3s,49.4542,4.87282,0,6.6,0,0,0,V (Johnson),4272.8,0,0,0.529084,0,0,0.665106,0,0,--,Cold_Earth,175.425
88,49908,b,Direct Imaging,4,14.3015,0,0.0932617,0,0,0,-133.456,0,0.0371656,0,Mass,0.284114,0,--,--,0,0,0,0,10h11m22.14s,152.842,+49d27m15.3s,49.4542,4.87282,0,6.6,0,0,0,V (Johnson),4272.8,0,0,0.529084,0,0,0.665106,0,0,--,Hot_Neptune,175.425
89,49908,c,Direct Imaging,4,174.552,0,0.494384,0,0,0,-133.871,0,0.0207898,0,Mass,0.203857,0,--,--,0,0,0,0,10h11m22.14s,152.842,+49d27m15.3s,49.4542,4.87282,0,6.6,0,0,0,V (Johnson),4272.8,0,0,0.529084,0,0,0.665106,0,0,--,Warm_Neptune,175.425
90,49908,d,Direct Imaging,4,71.9122,0,0.273726,0,0,0,-134.963,0,0.013789,0,Mass,0.161224,0,--,--,0,0,0,0,10h11m22.14s,152.842,+49d27m15.3s,49.4542,4.87282,0,6.6,0,0,0,V (Johnson),4272.8,0,0,0.529084,0,0,0.665106,0,0,--,Warm_Neptune,175.425
91,50954,a,Direct Imaging,4,57.3322,0,0.340017,0,0,0,-72.5355,0,0.00398837,0,Mass,0.096545,0,--,--,0,0,0,0,10h24m23.70s,156.099,-74d01m53.8s,-74.0316,16.2153,0,3.99,0,0,0,V (Johnson),6871.9,0,0,1.59546,0,0,1.70103,0,0,--,Hot_Earth,176.118
92,50954,b,Direct Imaging,4,771.546,0,1.92372,0,0,0,-73.9085,0,0.00144352,0,Mass,0.0688028,0,--,--,0,0,0,0,10h24m23.70s,156.099,-74d01m53.8s,-74.0316,16.2153,0,3.99,0,0,0,V (Johnson),6871.9,0,0,1.59546,0,0,1.70103,0,0,--,Warm_Earth,176.118
93,50954,c,Direct Imaging,4,826.699,0,2.01434,0,0,0,-74.6449,0,0.0540319,0,Mass,0.351848,0,--,--,0,0,0,0,10h24m23.70s,156.099,-74d01m53.8s,-74.0316,16.2153,0,3.99,0,0,0,V (Johnson),6871.9,0,0,1.59546,0,0,1.70103,0,0,--,Warm_Neptune,176.118
94,50954,d,Direct Imaging,4,80.6302,0,0.426809,0,0,0,-72.8012,0,0.881971,0,Mass,0.855616,0,--,--,0,0,0,0,10h24m23.70s,156.099,-74d01m53.8s,-74.0316,16.2153,0,3.99,0,0,0,V (Johnson),6871.9,0,0,1.59546,0,0,1.70103,0,0,--,Hot_Jupiter,176.118
95,51459,a,Direct Imaging,4,487.879,0,1.26742,0,0,0,148.529,0,0.000710027,0,Mass,0.0543112,0,--,--,0,0,0,0,10h30m37.58s,157.657,+55d58m49.9s,55.9805,12.8502,0,4.82,0,0,0,V (Johnson),6113.1,0,0,1.1411,0,0,1.13602,0,0,--,Warm_Earth,40.5069
96,51459,b,Direct Imaging,4,4745.59,0,5.77529,0,0,0,151.033,0,0.000496527,0,Mass,0.0482073,0,--,--,0,0,0,0,10h30m37.58s,157.657,+55d58m49.9s,55.9805,12.8502,0,4.82,0,0,0,V (Johnson),6113.1,0,0,1.1411,0,0,1.13602,0,0,--,Cold_Earth,40.5069
97,51459,c,Direct Imaging,4,305.577,0,0.927815,0,0,0,149.181,0,0.0124729,0,Mass,0.152242,0,--,--,0,0,0,0,10h30m37.58s,157.657,+55d58m49.9s,55.9805,12.8502,0,4.82,0,0,0,V (Johnson),6113.1,0,0,1.1411,0,0,1.13602,0,0,--,Hot_Neptune,40.5069
98,51459,d,Direct Imaging,4,889.075,0,1.89092,0,0,0,152.63,0,0.052815,0,Mass,0.347297,0,--,--,0,0,0,0,10h30m37.58s,157.657,+55d58m49.9s,55.9805,12.8502,0,4.82,0,0,0,V (Johnson),6113.1,0,0,1.1411,0,0,1.13602,0,0,--,Warm_Neptune,40.5069
99,54872,a,Direct Imaging,2,3552.29,0,6.1419,0,0,0,101.109,0,0.00106333,0,Mass,0.0621375,0,--,--,0,0,0,0,11h14m06.50s,168.527,+20d31m25.4s,20.5237,17.6929,0,2.56,0,0,0,V (Johnson),8236.8,0,0,2.44947,0,0,2.44456,0,0,--,Warm_Earth,63.5558
100,54872,b,Direct Imaging,2,73718.9,0,46.3821,0,0,0,102.195,0,0.00075053,0,Mass,0.0553249,0,--,--,0,0,0,0,11h14m06.50s,168.527,+20d31m25.4s,20.5237,17.6929,0,2.56,0,0,0,V (Johnson),8236.8,0,0,2.44947,0,0,2.44456,0,0,--,Cold_Earth,63.5558
101,56997,a,Direct Imaging,4,774.983,0,1.57693,0,0,0,30.4795,0,0.000599582,0,Mass,0.0513351,0,--,--,0,0,0,0,11h41m03.01s,175.263,+34d12m05.9s,34.2016,9.54107,0,5.31,0,0,0,V (Johnson),5490.3,0,0,0.871023,0,0,0.83681,0,0,--,Cold_Earth,216.858
102,56997,b,Direct Imaging,4,14.2856,0,0.110039,0,0,0,30.4802,0,0.0227854,0,Mass,0.214819,0,--,--,0,0,0,0,11h41m03.01s,175.263,+34d12m05.9s,34.2016,9.54107,0,5.31,0,0,0,V (Johnson),5490.3,0,0,0.871023,0,0,0.83681,0,0,--,Hot_Neptune,216.858
103,56997,c,Direct Imaging,4,29.3646,0,0.177896,0,0,0,30.9181,0,0.0216393,0,Mass,0.208576,0,--,--,0,0,0,0,11h41m03.01s,175.263,+34d12m05.9s,34.2016,9.54107,0,5.31,0,0,0,V (Johnson),5490.3,0,0,0.871023,0,0,0.83681,0,0,--,Hot_Neptune,216.858
104,56997,d,Direct Imaging,4,272.383,0,0.785362,0,0,0,32.0529,0,0.012946,0,Mass,0.155516,0,--,--,0,0,0,0,11h41m03.01s,175.263,+34d12m05.9s,34.2016,9.54107,0,5.31,0,0,0,V (Johnson),5490.3,0,0,0.871023,0,0,0.83681,0,0,--,Warm_Neptune,216.858
105,57443,a,Direct Imaging,1,3822.5,0,4.69448,0,0,0,73.2085,0,0.00334721,0,Mass,0.0910666,0,--,--,0,0,0,0,11h46m31.07s,176.629,-40d30m01.3s,-40.5004,9.23958,0,4.89,0,0,0,V (Johnson),5671.6,0,0,0.944605,0,0,0.914742,0,0,--,Cold_Earth,32.7827
106,57632,a,Direct Imaging,2,716.497,0,2.01018,0,0,0,-30.8083,0,0.00127568,0,Mass,0.0660255,0,--,--,0,0,0,0,11h49m03.58s,177.265,+14d34m19.4s,14.5721,11.0914,0,2.14,0,0,0,V (Johnson),8538,0,0,2.11085,0,0,1.72096,0,0,--,Hot_Earth,54.5053
107,57632,b,Direct Imaging,2,2516.71,0,4.64495,0,0,0,-30.7515,0,0.0543557,0,Mass,0.353051,0,--,--,0,0,0,0,11h49m03.58s,177.265,+14d34m19.4s,14.5721,11.0914,0,2.14,0,0,0,V (Johnson),8538,0,0,2.11085,0,0,1.72096,0,0,--,Warm_Neptune,54.5053
108,57757,a,Direct Imaging,4,108.278,0,0.501106,0,0,0,-127.601,0,0.00292019,0,Mass,0.0870165,0,--,--,0,0,0,0,11h50m41.72s,177.674,+01d45m53.0s,1.76472,10.9004,0,3.59,0,0,0,V (Johnson),6206.4,0,0,1.43181,0,0,1.65249,0,0,--,Hot_Earth,11.8145
109,57757,b,Direct Imaging,4,664.109,0,1.67904,0,0,0,-125.361,0,0.00718394,0,Mass,0.117468,0,--,--,0,0,0,0,11h50m41.72s,177.674,+01d45m53.0s,1.76472,10.9004,0,3.59,0,0,0,V (Johnson),6206.4,0,0,1.43181,0,0,1.65249,0,0,--,Warm_Earth,11.8145
110,57757,c,Direct Imaging,4,1449.31,0,2.82494,0,0,0,-128.255,0,0.0539249,0,Mass,0.351449,0,--,--,0,0,0,0,11h50m41.72s,177.674,+01d45m53.0s,1.76472,10.9004,0,3.59,0,0,0,V (Johnson),6206.4,0,0,1.43181,0,0,1.65249,0,0,--,Warm_Neptune,11.8145
111,57757,d,Direct Imaging,4,107.204,0,0.497785,0,0,0,-126.569,0,1.00094,0,Mass,1.02475,0,--,--,0,0,0,0,11h50m41.72s,177.674,+01d45m53.0s,1.76472,10.9004,0,3.59,0,0,0,V (Johnson),6206.4,0,0,1.43181,0,0,1.65249,0,0,--,Hot_Jupiter,11.8145
112,59199,a,Direct Imaging,2,711.785,0,1.78492,0,0,0,-41.6449,0,0.000457301,0,Mass,0.0469028,0,--,--,0,0,0,0,12h08m24.82s,182.103,-24d43m44.0s,-24.7289,14.7689,0,4.02,0,0,0,V (Johnson),7043.4,0,0,1.4974,0,0,1.45777,0,0,--,Warm_Earth,241.725
113,59199,b,Direct Imaging,2,18440.3,0,15.6278,0,0,0,-42.4062,0,0.0263445,0,Mass,0.233395,0,--,--,0,0,0,0,12h08m24.82s,182.103,-24d43m44.0s,-24.7289,14.7689,0,4.02,0,0,0,V (Johnson),7043.4,0,0,1.4974,0,0,1.45777,0,0,--,Cold_Neptune,241.725
114,64394,a,Direct Imaging,4,25.3743,0,0.174572,0,0,0,-114.406,0,0.00151592,0,Mass,0.0699343,0,--,--,0,0,0,0,13h11m52.39s,197.968,+27d52m41.5s,27.8782,9.15499,0,4.23,0,0,0,V (Johnson),5994.4,0,0,1.10234,0,0,1.10142,0,0,--,Hot_Earth,22.4853
115,64394,b,Direct Imaging,4,395.013,0,1.08839,0,0,0,-117.328,0,0.0335595,0,Mass,0.268017,0,--,--,0,0,0,0,13h11m52.39s,197.968,+27d52m41.5s,27.8782,9.15499,0,4.23,0,0,0,V (Johnson),5994.4,0,0,1.10234,0,0,1.10142,0,0,--,Warm_Neptune,22.4853
116,64394,c,Direct Imaging,4,3576.51,0,4.72808,0,0,0,-114.544,0,0.0160327,0,Mass,0.175729,0,--,--,0,0,0,0,13h11m52.39s,197.968,+27d52m41.5s,27.8782,9.15499,0,4.23,0,0,0,V (Johnson),5994.4,0,0,1.10234,0,0,1.10142,0,0,--,Cold_Neptune,22.4853
117,64394,d,Direct Imaging,4,14.14,0,0.118216,0,0,0,-113.639,0,0.160561,0,Mass,0.463539,0,--,--,0,0,0,0,13h11m52.39s,197.968,+27d52m41.5s,27.8782,9.15499,0,4.23,0,0,0,V (Johnson),5994.4,0,0,1.10234,0,0,1.10142,0,0,--,Hot_Jupiter,22.4853
118,64924,a,Direct Imaging,3,32.0554,0,0.193887,0,0,0,24.0987,0,0.00150912,0,Mass,0.0698296,0,--,--,0,0,0,0,13h18m24.32s,199.601,-18d18m40.3s,-18.3112,8.52515,0,4.74,0,0,0,V (Johnson),5531.1,0,0,0.946283,0,0,0.955385,0,0,--,Hot_Earth,67.5499
119,64924,b,Direct Imaging,3,462.534,0,1.14915,0,0,0,25.4306,0,0.000780051,0,Mass,0.056041,0,--,--,0,0,0,0,13h18m24.32s,199.601,-18d18m40.3s,-18.3112,8.52515,0,4.74,0,0,0,V (Johnson),5531.1,0,0,0.946283,0,0,0.955385,0,0,--,Warm_Earth,67.5499
120,64924,c,Direct Imaging,3,1031.63,0,1.96168,0,0,0,25.8722,0,0.046091,0,Mass,0.321297,0,--,--,0,0,0,0,13h18m24.32s,199.601,-18d18m40.3s,-18.3112,8.52515,0,4.74,0,0,0,V (Johnson),5531.1,0,0,0.946283,0,0,0.955385,0,0,--,Cold_Neptune,67.5499
121,65109,a,Direct Imaging,7,442.997,0,1.51914,0,0,0,92.3128,0,0.000757597,0,Mass,0.055498,0,--,--,0,0,0,0,13h20m35.82s,200.149,-36d42m44.3s,-36.7123,17.9727,0,2.75,0,0,0,V (Johnson),8736.4,0,0,2.38328,0,0,2.00771,0,0,--,Hot_Earth,298.24
122,65109,b,Direct Imaging,7,1981.28,0,4.12378,0,0,0,92.0287,0,0.00190438,0,Mass,0.0754598,0,--,--,0,0,0,0,13h20m35.82s,200.149,-36d42m44.3s,-36.7123,17.9727,0,2.75,0,0,0,V (Johnson),8736.4,0,0,2.38328,0,0,2.00771,0,0,--,Warm_Earth,298.24
123,65109,c,Direct Imaging,7,8855.01,0,11.189,0,0,0,90.0875,0,0.00232391,0,Mass,0.0806377,0,--,--,0,0,0,0,13h20m35.82s,200.149,-36d42m44.3s,-36.7123,17.9727,0,2.75,0,0,0,V (Johnson),8736.4,0,0,2.38328,0,0,2.00771,0,0,--,Cold_Earth,298.24
124,65109,d,Direct Imaging,7,354.384,0,1.30912,0,0,0,91.9935,0,0.0515226,0,Mass,0.342415,0,--,--,0,0,0,0,13h20m35.82s,200.149,-36d42m44.3s,-36.7123,17.9727,0,2.75,0,0,0,V (Johnson),8736.4,0,0,2.38328,0,0,2.00771,0,0,--,Hot_Neptune,298.24
125,65109,e,Direct Imaging,7,120.245,0,0.636859,0,0,0,89.8864,0,0.0152996,0,Mass,0.171092,0,--,--,0,0,0,0,13h20m35.82s,200.149,-36d42m44.3s,-36.7123,17.9727,0,2.75,0,0,0,V (Johnson),8736.4,0,0,2.38328,0,0,2.00771,0,0,--,Hot_Neptune,298.24
126,65109,f,Direct Imaging,7,5228.26,0,7.87474,0,0,0,89.5568,0,0.0166911,0,Mass,0.179817,0,--,--,0,0,0,0,13h20m35.82s,200.149,-36d42m44.3s,-36.7123,17.9727,0,2.75,0,0,0,V (Johnson),8736.4,0,0,2.38328,0,0,2.00771,0,0,--,Cold_Neptune,298.24
127,65109,g,Direct Imaging,7,34641,0,27.7795,0,0,0,87.9233,0,0.237534,0,Mass,0.515544,0,--,--,0,0,0,0,13h20m35.82s,200.149,-36d42m44.3s,-36.7123,17.9727,0,2.75,0,0,0,V (Johnson),8736.4,0,0,2.38328,0,0,2.00771,0,0,--,Cold_Jupiter,298.24
128,67927,a,Direct Imaging,2,23269.3,0,19.6708,0,0,0,-156.256,0,0.00588402,0,Mass,0.109906,0,--,--,0,0,0,0,13h54m41.08s,208.671,+18d23m51.8s,18.3977,11.3417,0,2.68,0,0,0,V (Johnson),5964,0,0,1.87534,0,0,2.81225,0,0,--,Cold_Earth,330.142
129,67927,b,Direct Imaging,2,7175.96,0,8.97884,0,0,0,-157.243,0,0.0297041,0,Mass,0.249964,0,--,--,0,0,0,0,13h54m41.08s,208.671,+18d23m51.8s,18.3977,11.3417,0,2.68,0,0,0,V (Johnson),5964,0,0,1.87534,0,0,2.81225,0,0,--,Cold_Neptune,330.142
130,70497,a,Direct Imaging,3,47.8516,0,0.295142,0,0,0,75.4062,0,0.00588465,0,Mass,0.10991,0,--,--,0,0,0,0,14h25m11.80s,216.299,+51d51m02.7s,51.8507,14.5709,0,4.04,0,0,0,V (Johnson),6294.6,0,0,1.49789,0,0,1.75131,0,0,--,Hot_Earth,121.622
131,70497,b,Direct Imaging,3,1278,0,2.63706,0,0,0,71.7542,0,0.000418168,0,Mass,0.0455249,0,--,--,0,0,0,0,14h25m11.80s,216.299,+51d51m02.7s,51.8507,14.5709,0,4.04,0,0,0,V (Johnson),6294.6,0,0,1.49789,0,0,1.75131,0,0,--,Warm_Earth,121.622
132,70497,c,Direct Imaging,3,158.273,0,0.655197,0,0,0,72.7453,0,0.0149766,0,Mass,0.169018,0,--,--,0,0,0,0,14h25m11.80s,216.299,+51d51m02.7s,51.8507,14.5709,0,4.04,0,0,0,V (Johnson),6294.6,0,0,1.49789,0,0,1.75131,0,0,--,Hot_Neptune,121.622
133,71284,a,Direct Imaging,1,97.9675,0,0.461713,0,0,0,-72.75,0,0.00434814,0,Mass,0.0993648,0,--,--,0,0,0,0,14h34m40.82s,218.67,+29d44m42.5s,29.7451,15.4655,0,4.47,0,0,0,V (Johnson),6896.4,0,0,1.36815,0,0,1.29206,0,0,--,Hot_Earth,13.4714
134,71681,a,Direct Imaging,6,6.89432,0,0.0669822,0,0,0,-83.2025,0,0.00173972,0,Mass,0.0732191,0,--,--,0,0,0,0,14h39m35.08s,219.896,-60d50m13.8s,-60.8372,1.34749,0,1.35,0,0,0,V (Johnson),5047,0,0,0.843482,0,0,0.929879,0,0,--,Hot_Earth,260.287
135,71681,b,Direct Imaging,6,42.6926,0,0.225874,0,0,0,-80.9411,0,0.000706093,0,Mass,0.0542107,0,--,--,0,0,0,0,14h39m35.08s,219.896,-60d50m13.8s,-60.8372,1.34749,0,1.35,0,0,0,V (Johnson),5047,0,0,0.843482,0,0,0.929879,0,0,--,Hot_Earth,260.287
136,71681,c,Direct Imaging,6,894.217,0,1.7163,0,0,0,-82.3025,0,0.000931964,0,Mass,0.0594654,0,--,--,0,0,0,0,14h39m35.08s,219.896,-60d50m13.8s,-60.8372,1.34749,0,1.35,0,0,0,V (Johnson),5047,0,0,0.843482,0,0,0.929879,0,0,--,Cold_Earth,260.287
137,71681,d,Direct Imaging,6,43.4085,0,0.228392,0,0,0,-80.4662,0,0.031115,0,Mass,0.256681,0,--,--,0,0,0,0,14h39m35.08s,219.896,-60d50m13.8s,-60.8372,1.34749,0,1.35,0,0,0,V (Johnson),5047,0,0,0.843482,0,0,0.929879,0,0,--,Hot_Neptune,260.287
138,71681,e,Direct Imaging,6,7.76127,0,0.0724859,0,0,0,-82.2761,0,0.0113699,0,Mass,0.144397,0,--,--,0,0,0,0,14h39m35.08s,219.896,-60d50m13.8s,-60.8372,1.34749,0,1.35,0,0,0,V (Johnson),5047,0,0,0.843482,0,0,0.929879,0,0,--,Hot_Neptune,260.287
139,71681,f,Direct Imaging,6,407.422,0,1.01624,0,0,0,-83.5664,0,0.00900131,0,Mass,0.126353,0,--,--,0,0,0,0,14h39m35.08s,219.896,-60d50m13.8s,-60.8372,1.34749,0,1.35,0,0,0,V (Johnson),5047,0,0,0.843482,0,0,0.929879,0,0,--,Warm_Neptune,260.287
140,71683,a,Direct Imaging,1,10.5408,0,0.0986061,0,0,0,-114.804,0,0.0343989,0,Mass,0.271828,0,--,--,0,0,0,0,14h39m36.50s,219.902,-60d50m02.3s,-60.834,1.34749,0,-0.01,0,0,0,V (Johnson),5528,0,0,1.15119,0,0,1.34753,0,0,--,Hot_Neptune,294.613
141,77257,a,Direct Imaging,2,765.755,0,1.74789,0,0,0,78.6384,0,0.00198286,0,Mass,0.0764826,0,--,--,0,0,0,0,15h46m26.61s,236.611,+07d21m11.1s,7.35307,11.7536,0,4.42,0,0,0,V (Johnson),5876.6,0,0,1.21491,0,0,1.34528,0,0,--,Warm_Earth,37.4242
142,77257,b,Direct Imaging,2,116.937,0,0.499369,0,0,0,77.2231,0,0.010626,0,Mass,0.13892,0,--,--,0,0,0,0,15h46m26.61s,236.611,+07d21m11.1s,7.35307,11.7536,0,4.42,0,0,0,V (Johnson),5876.6,0,0,1.21491,0,0,1.34528,0,0,--,Hot_Neptune,37.4242
143,77760,a,Direct Imaging,4,475.527,0,1.32327,0,0,0,-105.128,0,0.00255223,0,Mass,0.0831965,0,--,--,0,0,0,0,15h52m40.54s,238.169,+42d27m05.5s,42.4515,15.8529,0,4.6,0,0,0,V (Johnson),6028.6,0,0,1.36702,0,0,1.59152,0,0,--,Hot_Earth,295.887
144,77760,b,Direct Imaging,4,29.4001,0,0.206902,0,0,0,-102.676,0,0.044321,0,Mass,0.314187,0,--,--,0,0,0,0,15h52m40.54s,238.169,+42d27m05.5s,42.4515,15.8529,0,4.6,0,0,0,V (Johnson),6028.6,0,0,1.36702,0,0,1.59152,0,0,--,Hot_Neptune,295.887
145,77760,c,Direct Imaging,4,721.837,0,1.7478,0,0,0,-106.398,0,0.0256744,0,Mass,0.229984,0,--,--,0,0,0,0,15h52m40.54s,238.169,+42d27m05.5s,42.4515,15.8529,0,4.6,0,0,0,V (Johnson),6028.6,0,0,1.36702,0,0,1.59152,0,0,--,Warm_Neptune,295.887
146,77760,d,Direct Imaging,4,2289.22,0,3.77274,0,0,0,-104.178,0,0.00893377,0,Mass,0.125811,0,--,--,0,0,0,0,15h52m40.54s,238.169,+42d27m05.5s,42.4515,15.8529,0,4.6,0,0,0,V (Johnson),6028.6,0,0,1.36702,0,0,1.59152,0,0,--,Cold_Neptune,295.887
147,78072,a,Direct Imaging,5,25.4653,0,0.187069,0,0,0,-103.197,0,0.0012161,0,Mass,0.0649812,0,--,--,0,0,0,0,15h56m27.18s,239.113,+15d39m41.8s,15.6616,11.121,0,3.85,0,0,0,V (Johnson),6374.6,0,0,1.34676,0,0,1.42611,0,0,--,Hot_Earth,6.89331
148,78072,b,Direct Imaging,5,54.8165,0,0.311873,0,0,0,-105.835,0,0.00103836,0,Mass,0.0616473,0,--,--,0,0,0,0,15h56m27.18s,239.113,+15d39m41.8s,15.6616,11.121,0,3.85,0,0,0,V (Johnson),6374.6,0,0,1.34676,0,0,1.42611,0,0,--,Hot_Earth,6.89331
149,78072,c,Direct Imaging,5,274.503,0,0.912852,0,0,0,-102.877,0,0.0166831,0,Mass,0.179768,0,--,--,0,0,0,0,15h56m27.18s,239.113,+15d39m41.8s,15.6616,11.121,0,3.85,0,0,0,V (Johnson),6374.6,0,0,1.34676,0,0,1.42611,0,0,--,Hot_Neptune,6.89331
150,78072,d,Direct Imaging,5,74.4844,0,0.382601,0,0,0,-104.775,0,0.0137738,0,Mass,0.161122,0,--,--,0,0,0,0,15h56m27.18s,239.113,+15d39m41.8s,15.6616,11.121,0,3.85,0,0,0,V (Johnson),6374.6,0,0,1.34676,0,0,1.42611,0,0,--,Hot_Neptune,6.89331
151,78072,e,Direct Imaging,5,1265.06,0,2.528,0,0,0,-103.543,0,0.414066,0,Mass,0.610569,0,--,--,0,0,0,0,15h56m27.18s,239.113,+15d39m41.8s,15.6616,11.121,0,3.85,0,0,0,V (Johnson),6374.6,0,0,1.34676,0,0,1.42611,0,0,--,Warm_Jupiter,6.89331
152,80686,a,Direct Imaging,2,1633.44,0,2.78641,0,0,0,73.0534,0,0.00100325,0,Mass,0.0609444,0,--,--,0,0,0,0,16h28m28.14s,247.117,-70d05m03.9s,-70.0844,12.1051,0,4.9,0,0,0,V (Johnson),6059,0,0,1.0817,0,0,1.04856,0,0,--,Cold_Earth,74.2387
153,80686,b,Direct Imaging,2,108.516,0,0.457058,0,0,0,75.2445,0,0.0383976,0,Mass,0.289458,0,--,--,0,0,0,0,16h28m28.14s,247.117,-70d05m03.9s,-70.0844,12.1051,0,4.9,0,0,0,V (Johnson),6059,0,0,1.0817,0,0,1.04856,0,0,--,Hot_Neptune,74.2387
154,91262,a,Direct Imaging,2,322.213,0,1.34241,0,0,0,-38.1996,0,0.0300809,0,Mass,0.251771,0,--,--,0,0,0,0,18h36m56.34s,279.235,+38d47m01.3s,38.7837,7.75615,0,0.03,0,0,0,V (Johnson),9545,0,0,3.10851,0,0,2.57189,0,0,--,Hot_Neptune,306.189
155,91262,b,Direct Imaging,2,4804.25,0,8.1322,0,0,0,-40.3,0,0.0243187,0,Mass,0.222964,0,--,--,0,0,0,0,18h36m56.34s,279.235,+38d47m01.3s,38.7837,7.75615,0,0.03,0,0,0,V (Johnson),9545,0,0,3.10851,0,0,2.57189,0,0,--,Warm_Neptune,306.189
156,96100,a,Direct Imaging,5,63.1341,0,0.286104,0,0,0,90.0617,0,0.00534119,0,Mass,0.106417,0,--,--,0,0,0,0,19h32m21.59s,293.09,+69d39m40.2s,69.6612,5.76668,0,4.67,0,0,0,V (Johnson),5317.4,0,0,0.783836,0,0,0.736166,0,0,--,Hot_Earth,92.4496
157,96100,b,Direct Imaging,5,7.50841,0,0.0691905,0,0,0,90.2861,0,0.00185271,0,Mass,0.0747711,0,--,--,0,0,0,0,19h32m21.59s,293.09,+69d39m40.2s,69.6612,5.76668,0,4.67,0,0,0,V (Johnson),5317.4,0,0,0.783836,0,0,0.736166,0,0,--,Hot_Earth,92.4496
158,96100,c,Direct Imaging,5,5.87658,0,0.0587622,0,0,0,88.6213,0,0.00788132,0,Mass,0.121152,0,--,--,0,0,0,0,19h32m21.59s,293.09,+69d39m40.2s,69.6612,5.76668,0,4.67,0,0,0,V (Johnson),5317.4,0,0,0.783836,0,0,0.736166,0,0,--,Hot_Earth,92.4496
159,96100,d,Direct Imaging,5,253.916,0,0.72356,0,0,0,89.7864,0,0.0533476,0,Mass,0.349294,0,--,--,0,0,0,0,19h32m21.59s,293.09,+69d39m40.2s,69.6612,5.76668,0,4.67,0,0,0,V (Johnson),5317.4,0,0,0.783836,0,0,0.736166,0,0,--,Warm_Neptune,92.4496
160,96100,e,Direct Imaging,5,2276,0,3.12222,0,0,0,91.1993,0,0.0108187,0,Mass,0.140354,0,--,--,0,0,0,0,19h32m21.59s,293.09,+69d39m40.2s,69.6612,5.76668,0,4.67,0,0,0,V (Johnson),5317.4,0,0,0.783836,0,0,0.736166,0,0,--,Cold_Neptune,92.4496
161,97649,a,Direct Imaging,3,442.571,0,1.41445,0,0,0,-52.1536,0,0.00587482,0,Mass,0.109849,0,--,--,0,0,0,0,19h50m47.00s,297.696,+08d52m06.0s,8.86832,5.14297,0,0.76,0,0,0,V (Johnson),7642.4,0,0,1.92741,0,0,1.92324,0,0,--,Hot_Earth,190.428
162,97649,b,Direct Imaging,3,1134.85,0,2.64987,0,0,0,-50.069,0,0.0506488,0,Mass,0.339084,0,--,--,0,0,0,0,19h50m47.00s,297.696,+08d52m06.0s,8.86832,5.14297,0,0.76,0,0,0,V (Johnson),7642.4,0,0,1.92741,0,0,1.92324,0,0,--,Warm_Neptune,190.428
163,97649,c,Direct Imaging,3,26504.7,0,21.6511,0,0,0,-52.7715,0,0.0111,0,Mass,0.142428,0,--,--,0,0,0,0,19h50m47.00s,297.696,+08d52m06.0s,8.86832,5.14297,0,0.76,0,0,0,V (Johnson),7642.4,0,0,1.92741,0,0,1.92324,0,0,--,Cold_Neptune,190.428
164,98036,a,Direct Imaging,5,244.028,0,0.909331,0,0,0,-77.027,0,0.000669001,0,Mass,0.0532444,0,--,--,0,0,0,0,19h55m18.79s,298.828,+06d24m24.3s,6.40676,13.708,0,3.71,0,0,0,V (Johnson),5147.5,0,0,1.68449,0,0,2.99046,0,0,--,Hot_Earth,220.35
165,98036,b,Direct Imaging,5,36.733,0,0.257316,0,0,0,-77.8724,0,0.0473042,0,Mass,0.326102,0,--,--,0,0,0,0,19h55m18.79s,298.828,+06d24m24.3s,6.40676,13.708,0,3.71,0,0,0,V (Johnson),5147.5,0,0,1.68449,0,0,2.99046,0,0,--,Hot_Neptune,220.35
166,98036,c,Direct Imaging,5,316.898,0,1.08237,0,0,0,-75.3783,0,0.0301291,0,Mass,0.252001,0,--,--,0,0,0,0,19h55m18.79s,298.828,+06d24m24.3s,6.40676,13.708,0,3.71,0,0,0,V (Johnson),5147.5,0,0,1.68449,0,0,2.99046,0,0,--,Hot_Neptune,220.35
167,98036,d,Direct Imaging,5,785.19,0,1.98189,0,0,0,-78.1736,0,0.0528992,0,Mass,0.347614,0,--,--,0,0,0,0,19h55m18.79s,298.828,+06d24m24.3s,6.40676,13.708,0,3.71,0,0,0,V (Johnson),5147.5,0,0,1.68449,0,0,2.99046,0,0,--,Warm_Neptune,220.35
168,98036,e,Direct Imaging,5,7255.07,0,8.72684,0,0,0,-78.9493,0,0.0107388,0,Mass,0.139761,0,--,--,0,0,0,0,19h55m18.79s,298.828,+06d24m24.3s,6.40676,13.708,0,3.71,0,0,0,V (Johnson),5147.5,0,0,1.68449,0,0,2.99046,0,0,--,Cold_Neptune,220.35
169,99240,a,Direct Imaging,4,765.113,0,1.67919,0,0,0,8.3378,0,0.00118086,0,Mass,0.0643473,0,--,--,0,0,0,0,20h08m43.61s,302.182,-66d10m55.4s,-66.1821,6.10762,0,3.55,0,0,0,V (Johnson),5410.3,0,0,1.07902,0,0,1.24808,0,0,--,Warm_Earth,314.462
170,99240,b,Direct Imaging,4,18.0433,0,0.138089,0,0,0,7.94527,0,0.0391494,0,Mass,0.292683,0,--,--,0,0,0,0,20h08m43.61s,302.182,-66d10m55.4s,-66.1821,6.10762,0,3.55,0,0,0,V (Johnson),5410.3,0,0,1.07902,0,0,1.24808,0,0,--,Hot_Neptune,314.462
171,99240,c,Direct Imaging,4,6400.34,0,6.91966,0,0,0,8.21915,0,0.00995263,0,Mass,0.133819,0,--,--,0,0,0,0,20h08m43.61s,302.182,-66d10m55.4s,-66.1821,6.10762,0,3.55,0,0,0,V (Johnson),5410.3,0,0,1.07902,0,0,1.24808,0,0,--,Cold_Neptune,314.462
172,99240,d,Direct Imaging,4,10.6155,0,0.0969564,0,0,0,10.4911,0,0.0871235,0,Mass,0.397446,0,--,--,0,0,0,0,20h08m43.61s,302.182,-66d10m55.4s,-66.1821,6.10762,0,3.55,0,0,0,V (Johnson),5410.3,0,0,1.07902,0,0,1.24808,0,0,--,Hot_Jupiter,314.462
173,99461,a,Direct Imaging,4,29.1453,0,0.164069,0,0,0,-21.7351,0,0.00149253,0,Mass,0.0695728,0,--,--,0,0,0,0,20h11m11.94s,302.8,-36d06m04.4s,-36.1012,6.0518,0,5.32,0,0,0,V (Johnson),5118.4,0,0,0.693624,0,0,0.640678,0,0,--,Hot_Earth,183.468
174,99461,b,Direct Imaging,4,8.33289,0,0.0712052,0,0,0,-20.3296,0,0.0238204,0,Mass,0.220342,0,--,--,0,0,0,0,20h11m11.94s,302.8,-36d06m04.4s,-36.1012,6.0518,0,5.32,0,0,0,V (Johnson),5118.4,0,0,0.693624,0,0,0.640678,0,0,--,Hot_Neptune,183.468
175,99461,c,Direct Imaging,4,1949.72,0,2.70372,0,0,0,-19.1863,0,0.0234235,0,Mass,0.218236,0,--,--,0,0,0,0,20h11m11.94s,302.8,-36d06m04.4s,-36.1012,6.0518,0,5.32,0,0,0,V (Johnson),5118.4,0,0,0.693624,0,0,0.640678,0,0,--,Cold_Neptune,183.468
176,99461,d,Direct Imaging,4,434.931,0,0.994478,0,0,0,-21.3631,0,0.47631,0,Mass,0.640698,0,--,--,0,0,0,0,20h11m11.94s,302.8,-36d06m04.4s,-36.1012,6.0518,0,5.32,0,0,0,V (Johnson),5118.4,0,0,0.693624,0,0,0.640678,0,0,--,Cold_Jupiter,183.468
177,102422,a,Direct Imaging,5,712.336,0,1.93388,0,0,0,-92.8356,0,0.00162986,0,Mass,0.0716443,0,--,--,0,0,0,0,20h45m17.37s,311.322,+61d50m19.6s,61.8388,14.341,0,3.41,0,0,0,V (Johnson),5020.8,0,0,1.90152,0,0,3.90137,0,0,--,Hot_Earth,28.2746
178,102422,b,Direct Imaging,5,1247.22,0,2.80933,0,0,0,-96.934,0,0.000499718,0,Mass,0.0483103,0,--,--,0,0,0,0,20h45m17.37s,311.322,+61d50m19.6s,61.8388,14.341,0,3.41,0,0,0,V (Johnson),5020.8,0,0,1.90152,0,0,3.90137,0,0,--,Warm_Earth,28.2746
179,102422,c,Direct Imaging,5,70.4651,0,0.41364,0,0,0,-94.2398,0,0.0254457,0,Mass,0.228811,0,--,--,0,0,0,0,20h45m17.37s,311.322,+61d50m19.6s,61.8388,14.341,0,3.41,0,0,0,V (Johnson),5020.8,0,0,1.90152,0,0,3.90137,0,0,--,Hot_Neptune,28.2746
180,102422,d,Direct Imaging,5,1339.43,0,2.94614,0,0,0,-94.0733,0,0.0131992,0,Mass,0.157247,0,--,--,0,0,0,0,20h45m17.37s,311.322,+61d50m19.6s,61.8388,14.341,0,3.41,0,0,0,V (Johnson),5020.8,0,0,1.90152,0,0,3.90137,0,0,--,Warm_Neptune,28.2746
181,102422,e,Direct Imaging,5,43179.4,0,29.8417,0,0,0,-94.9994,0,0.287238,0,Mass,0.544595,0,--,--,0,0,0,0,20h45m17.37s,311.322,+61d50m19.6s,61.8388,14.341,0,3.41,0,0,0,V (Johnson),5020.8,0,0,1.90152,0,0,3.90137,0,0,--,Cold_Jupiter,28.2746
182,102485,a,Direct Imaging,1,761.514,0,1.85087,0,0,0,42.5112,0,0.00141805,0,Mass,0.0683957,0,--,--,0,0,0,0,20h46m05.73s,311.524,-25d16m15.2s,-25.2709,14.6714,0,4.13,0,0,0,V (Johnson),6605,0,0,1.45865,0,0,1.55203,0,0,--,Warm_Earth,251.676
183,105090,a,Direct Imaging,3,156.379,0,0.445437,0,0,0,-98.1474,0,0.00267948,0,Mass,0.0845568,0,--,--,0,0,0,0,21h17m15.27s,319.314,-38d52m02.5s,-38.8674,3.9468,0,6.69,0,0,0,V (Johnson),4157.8,0,0,0.482153,0,0,0.610894,0,0,--,Warm_Earth,33.1048
184,105090,b,Direct Imaging,3,74.6659,0,0.272113,0,0,0,-99.2065,0,0.00184267,0,Mass,0.0746358,0,--,--,0,0,0,0,21h17m15.27s,319.314,-38d52m02.5s,-38.8674,3.9468,0,6.69,0,0,0,V (Johnson),4157.8,0,0,0.482153,0,0,0.610894,0,0,--,Warm_Earth,33.1048
185,105090,c,Direct Imaging,3,2559.56,0,2.87152,0,0,0,-99.2335,0,0.00218566,0,Mass,0.0790058,0,--,--,0,0,0,0,21h17m15.27s,319.314,-38d52m02.5s,-38.8674,3.9468,0,6.69,0,0,0,V (Johnson),4157.8,0,0,0.482153,0,0,0.610894,0,0,--,Cold_Earth,33.1048
186,105199,a,Direct Imaging,3,549.308,0,1.72616,0,0,0,159.566,0,0.00383506,0,Mass,0.0952918,0,--,--,0,0,0,0,21h18m34.77s,319.645,+62d35m08.1s,62.5856,14.9611,0,2.45,0,0,0,V (Johnson),7442.5,0,0,2.274,0,0,2.7206,0,0,--,Hot_Earth,196.719
187,105199,b,Direct Imaging,3,2442.98,0,4.6682,0,0,0,159.291,0,0.000401537,0,Mass,0.0449132,0,--,--,0,0,0,0,21h18m34.77s,319.645,+62d35m08.1s,62.5856,14.9611,0,2.45,0,0,0,V (Johnson),7442.5,0,0,2.274,0,0,2.7206,0,0,--,Warm_Earth,196.719
188,105199,c,Direct Imaging,3,270.305,0,1.0759,0,0,0,160.065,0,0.0160953,0,Mass,0.176121,0,--,--,0,0,0,0,21h18m34.77s,319.645,+62d35m08.1s,62.5856,14.9611,0,2.45,0,0,0,V (Johnson),7442.5,0,0,2.274,0,0,2.7206,0,0,--,Hot_Neptune,196.719
189,105858,a,Direct Imaging,2,409.068,0,1.114,0,0,0,-77.493,0,0.0139544,0,Mass,0.162326,0,--,--,0,0,0,0,21h26m26.61s,321.611,-65d21m58.3s,-65.3662,9.21659,0,4.21,0,0,0,V (Johnson),6307.2,0,0,1.10217,0,0,1.02069,0,0,--,Warm_Neptune,6.66902
190,105858,b,Direct Imaging,2,13.7782,0,0.116185,0,0,0,-76.697,0,0.118148,0,Mass,0.428472,0,--,--,0,0,0,0,21h26m26.61s,321.611,-65d21m58.3s,-65.3662,9.21659,0,4.21,0,0,0,V (Johnson),6307.2,0,0,1.10217,0,0,1.02069,0,0,--,Hot_Jupiter,6.66902
191,107556,a,Direct Imaging,5,126.976,0,0.600576,0,0,0,46.0307,0,0.00605394,0,Mass,0.110954,0,--,--,0,0,0,0,21h47m02.45s,326.76,-16d07m38.2s,-16.1273,11.8231,0,2.85,0,0,0,V (Johnson),7886,0,0,1.79243,0,0,1.5747,0,0,--,Hot_Earth,23.0767
192,107556,b,Direct Imaging,5,30048.1,0,22.9773,0,0,0,48.3452,0,0.00156408,0,Mass,0.0706672,0,--,--,0,0,0,0,21h47m02.45s,326.76,-16d07m38.2s,-16.1273,11.8231,0,2.85,0,0,0,V (Johnson),7886,0,0,1.79243,0,0,1.5747,0,0,--,Cold_Earth,23.0767
193,107556,c,Direct Imaging,5,340.565,0,1.15937,0,0,0,46.927,0,0.0453607,0,Mass,0.318378,0,--,--,0,0,0,0,21h47m02.45s,326.76,-16d07m38.2s,-16.1273,11.8231,0,2.85,0,0,0,V (Johnson),7886,0,0,1.79243,0,0,1.5747,0,0,--,Hot_Neptune,23.0767
194,107556,d,Direct Imaging,5,1528.32,0,3.15425,0,0,0,48.4794,0,0.0230901,0,Mass,0.216456,0,--,--,0,0,0,0,21h47m02.45s,326.76,-16d07m38.2s,-16.1273,11.8231,0,2.85,0,0,0,V (Johnson),7886,0,0,1.79243,0,0,1.5747,0,0,--,Warm_Neptune,23.0767
195,107556,e,Direct Imaging,5,24624.7,0,20.1218,0,0,0,47.2305,0,0.00926224,0,Mass,0.128433,0,--,--,0,0,0,0,21h47m02.45s,326.76,-16d07m38.2s,-16.1273,11.8231,0,2.85,0,0,0,V (Johnson),7886,0,0,1.79243,0,0,1.5747,0,0,--,Cold_Neptune,23.0767
196,108870,a,Direct Imaging,4,8.09406,0,0.0683367,0,0,0,82.961,0,0.0032386,0,Mass,0.0900708,0,--,--,0,0,0,0,22h03m21.66s,330.84,-56d47m09.5s,-56.786,3.62634,0,4.69,0,0,0,V (Johnson),4737.8,0,0,0.649843,0,0,0.690944,0,0,--,Hot_Earth,127.494
197,108870,b,Direct Imaging,4,892.628,0,1.57153,0,0,0,81.2074,0,0.00306858,0,Mass,0.0884662,0,--,--,0,0,0,0,22h03m21.66s,330.84,-56d47m09.5s,-56.786,3.62634,0,4.69,0,0,0,V (Johnson),4737.8,0,0,0.649843,0,0,0.690944,0,0,--,Cold_Earth,127.494
198,108870,c,Direct Imaging,4,1077.75,0,1.78192,0,0,0,84.3647,0,0.0389876,0,Mass,0.291991,0,--,--,0,0,0,0,22h03m21.66s,330.84,-56d47m09.5s,-56.786,3.62634,0,4.69,0,0,0,V (Johnson),4737.8,0,0,0.649843,0,0,0.690944,0,0,--,Cold_Neptune,127.494
199,108870,d,Direct Imaging,4,2390.2,0,3.0304,0,0,0,81.3548,0,0.999383,0,Mass,1.00619,0,--,--,0,0,0,0,22h03m21.66s,330.84,-56d47m09.5s,-56.786,3.62634,0,4.69,0,0,0,V (Johnson),4737.8,0,0,0.649843,0,0,0.690944,0,0,--,Cold_Jupiter,127.494
200,109176,a,Direct Imaging,4,22.1041,0,0.173012,0,0,0,-24.395,0,0.0066501,0,Mass,0.114483,0,--,--,0,0,0,0,22h07m00.67s,331.753,+25d20m42.4s,25.3451,11.7564,0,3.77,0,0,0,V (Johnson),6564,0,0,1.41404,0,0,1.4844,0,0,--,Hot_Earth,68.7374
201,109176,b,Direct Imaging,4,81.5298,0,0.413021,0,0,0,-23.5782,0,0.00299004,0,Mass,0.0877049,0,--,--,0,0,0,0,22h07m00.67s,331.753,+25d20m42.4s,25.3451,11.7564,0,3.77,0,0,0,V (Johnson),6564,0,0,1.41404,0,0,1.4844,0,0,--,Hot_Earth,68.7374
202,109176,c,Direct Imaging,4,1294.18,0,2.6087,0,0,0,-25.6105,0,0.00356593,0,Mass,0.0930085,0,--,--,0,0,0,0,22h07m00.67s,331.753,+25d20m42.4s,25.3451,11.7564,0,3.77,0,0,0,V (Johnson),6564,0,0,1.41404,0,0,1.4844,0,0,--,Warm_Earth,68.7374
203,109176,d,Direct Imaging,4,7066.01,0,8.08867,0,0,0,-25.3555,0,0.014414,0,Mass,0.16536,0,--,--,0,0,0,0,22h07m00.67s,331.753,+25d20m42.4s,25.3451,11.7564,0,3.77,0,0,0,V (Johnson),6564,0,0,1.41404,0,0,1.4844,0,0,--,Cold_Neptune,68.7374
204,112447,--,--,--,--,--,--,--,--,--,--,--,--,--,--,--,--,--,--,--,--,--,--,22h46m41.58s,341.673,+12d10m22.4s,12.1729,16.2496,0,4.2,0,0,0,V (Johnson),6273.6,0,0,1.52929,0,0,1.82517,0,0,--,--,--
205,113368,a,Direct Imaging,3,1736.7,0,3.67089,0,0,0,-89.0759,0,0.00539973,0,Mass,0.106804,0,--,--,0,0,0,0,22h57m39.05s,344.413,-29d37m20.1s,-29.6222,7.68758,0,1.17,0,0,0,V (Johnson),8117.5,0,0,2.18798,0,0,2.0817,0,0,--,Warm_Earth,188.817
206,113368,b,Direct Imaging,3,415.944,0,1.41572,0,0,0,-92.2671,0,0.0190634,0,Mass,0.194005,0,--,--,0,0,0,0,22h57m39.05s,344.413,-29d37m20.1s,-29.6222,7.68758,0,1.17,0,0,0,V (Johnson),8117.5,0,0,2.18798,0,0,2.0817,0,0,--,Hot_Neptune,188.817
207,113368,c,Direct Imaging,3,2001.75,0,4.03546,0,0,0,-91.9099,0,0.0255764,0,Mass,0.229482,0,--,--,0,0,0,0,22h57m39.05s,344.413,-29d37m20.1s,-29.6222,7.68758,0,1.17,0,0,0,V (Johnson),8117.5,0,0,2.18798,0,0,2.0817,0,0,--,Warm_Neptune,188.817
208,114622,a,Direct Imaging,4,306.34,0,0.792197,0,0,0,140.585,0,0.00490602,0,Mass,0.103445,0,--,--,0,0,0,0,23h13m16.98s,348.321,+57d10m06.1s,57.1684,6.52571,0,5.57,0,0,0,V (Johnson),4843,0,0,0.706761,0,0,0.753783,0,0,--,Warm_Earth,251.432
209,114622,b,Direct Imaging,4,210.035,0,0.615968,0,0,0,140.505,0,0.00165631,0,Mass,0.0720298,0,--,--,0,0,0,0,23h13m16.98s,348.321,+57d10m06.1s,57.1684,6.52571,0,5.57,0,0,0,V (Johnson),4843,0,0,0.706761,0,0,0.753783,0,0,--,Warm_Earth,251.432
210,114622,c,Direct Imaging,4,3510.92,0,4.02697,0,0,0,142.536,0,0.0127169,0,Mass,0.153937,0,--,--,0,0,0,0,23h13m16.98s,348.321,+57d10m06.1s,57.1684,6.52571,0,5.57,0,0,0,V (Johnson),4843,0,0,0.706761,0,0,0.753783,0,0,--,Cold_Neptune,251.432
211,114622,d,Direct Imaging,4,1961.8,0,2.73192,0,0,0,141.524,0,0.0349455,0,Mass,0.274288,0,--,--,0,0,0,0,23h13m16.98s,348.321,+57d10m06.1s,57.1684,6.52571,0,5.57,0,0,0,V (Johnson),4843,0,0,0.706761,0,0,0.753783,0,0,--,Cold_Neptune,251.432
212,116771,--,--,--,--,--,--,--,--,--,--,--,--,--,--,--,--,--,--,--,--,--,--,23h39m57.04s,354.988,+05d37m34.7s,5.62629,13.7912,0,4.13,0,0,0,V (Johnson),6252.6,0,0,1.41911,0,0,1.60931,0,0,--,--,--